domain,email
airtable.com,Not found
apollo.io,Not found
attio.com,Not found
brex.com,Not found
canva.com,Not found
clearbit.com,Not found
clickup.com,Not found
close.com,talent@close.com
deel.com,recruiting@deel.com
figma.com,Not found
fly.io,Not found
freshworks.com,careers@freshworks.com
gusto.com,Not found
hubstaff.com,Not found
intercom.com,Not found
loom.com,Not found
monday.com,Not found
notion.so,Not found
pitch.com,hr@pitch.com
railway.app,Not found
remote.com,hris-main-page-accordion_english@2x.json
render.com,Not found
retool.com,Not found
rippling.com,Not found
stripe.com,Not found
supabase.com,Not found
vercel.com,Not found
webflow.com,Not found
wise.com,Not found
zapier.com,u003erecruiting@zapier.com
